<?xml version="1.0"?>
<catalog>
   <book id="bk101">
      <author>Gambardella, Matthew</author>
      <title>XML Developer's Guide</title>
      <genre>Computer</genre>
      <price>44.95</price>
      <publish_date>2000-10-01</publish_date>
      <description>An in-depth look at creating applications 
      with XML.</description>
      <image>http://i391.photobucket.com/albums/oo360/bunnygi/thunderstorm.gif</image>
   </book>
   <book id="bk102">
      <author>Ralls, Kim</author>
      <title>Midnight Rain</title>
      <genre>Fantasy</genre>
      <price>5.95</price>
      <publish_date>2000-12-16</publish_date>
      <description>A former architect battles corporate zombies, 
      an evil sorceress, and her own childhood to become queen 
      of the world.</description>
      <image>http://i80.photobucket.com/albums/j198/mbhyche/storm.jpg</image>
   </book>
   <book id="bk103">
      <author>Corets, Eva</author>
      <title>Maeve Ascendant</title>
      <genre>Fantasy</genre>
      <price>5.95</price>
      <publish_date>2000-11-17</publish_date>
      <description>After the collapse of a nanotechnology 
      society in England, the young survivors lay the 
      foundation for a new society.</description>
      <image>http://i38.photobucket.com/albums/e106/sara_mike/Lightning_083103.jpg</image>
   </book>
   <book id="bk104">
      <author>Corets, Eva</author>
      <title>Oberon's Legacy</title>
      <genre>Fantasy</genre>
      <price>5.95</price>
      <publish_date>2001-03-10</publish_date>
      <description>In post-apocalypse England, the mysterious 
      agent known only as Oberon helps to create a new life 
      for the inhabitants of London. Sequel to Maeve 
      Ascendant.</description>
      <image>http://i177.photobucket.com/albums/w202/Pizam2000/lightning.jpg</image>
   </book>
   <book id="bk105">
      <author>Corets, Eva</author>
      <title>The Sundered Grail</title>
      <genre>Fantasy</genre>
      <price>5.95</price>
      <publish_date>2001-09-10</publish_date>
      <description>The two daughters of Maeve, half-sisters, 
      battle one another for control of England. Sequel to 
      Oberon's Legacy.</description>
      <image>http://i167.photobucket.com/albums/u122/darklightpoet/beyond/lightning.jpg</image>
   </book>
   <book id="bk106">
      <author>Randall, Cynthia</author>
      <title>Lover Birds</title>
      <genre>Romance</genre>
      <price>4.95</price>
      <publish_date>2000-09-02</publish_date>
      <description>When Carla meets Paul at an ornithology 
      conference, tempers fly as feathers get ruffled.</description>
      <image>http://i137.photobucket.com/albums/q227/snoshredder88/light3.jpg</image>
   </book>
   <book id="bk107">
      <author>Thurman, Paula</author>
      <title>Splish Splash</title>
      <genre>Romance</genre>
      <price>4.95</price>
      <publish_date>2000-11-02</publish_date>
      <description>A deep sea diver finds true love twenty 
      thousand leagues beneath the sea.</description>
      <image>http://i278.photobucket.com/albums/kk93/ssolitaryy/Iceland%20Volcano/DirtyThunderstorm3.jpg</image>
   </book>
   <book id="bk108">
      <author>Knorr, Stefan</author>
      <title>Creepy Crawlies</title>
      <genre>Horror</genre>
      <price>4.95</price>
      <publish_date>2000-12-06</publish_date>
      <description>An anthology of horror stories about roaches,
      centipedes, scorpions  and other insects.</description>
      <image>http://i278.photobucket.com/albums/kk93/ssolitaryy/Iceland%20Volcano/DirtyThunderstorm4.jpg</image>
   </book>
   <book id="bk109">
      <author>Kress, Peter</author>
      <title>Paradox Lost</title>
      <genre>Science Fiction</genre>
      <price>6.95</price>
      <publish_date>2000-11-02</publish_date>
      <description>After an inadvertant trip through a Heisenberg
      Uncertainty Device, James Salway discovers the problems 
      of being quantum.</description>
      <image>http://i1307.photobucket.com/albums/s585/Lime_BlueSky/thunderstorm1_zps955c563d.jpg</image>
   </book>
   <book id="bk110">
      <author>O'Brien, Tim</author>
      <title>Microsoft .NET: The Programming Bible</title>
      <genre>Computer</genre>
      <price>36.95</price>
      <publish_date>2000-12-09</publish_date>
      <description>Microsoft's .NET initiative is explored in 
      detail in this deep programmer's reference.</description>
      <image>http://i579.photobucket.com/albums/ss238/Junaid_Nazir/lightningcano1.jpg</image>
   </book>
   <book id="bk111">
      <author>O'Brien, Tim</author>
      <title>MSXML3: A Comprehensive Guide</title>
      <genre>Computer</genre>
      <price>36.95</price>
      <publish_date>2000-12-01</publish_date>
      <description>The Microsoft MSXML3 parser is covered in 
      detail, with attention to XML DOM interfaces, XSLT processing, 
      SAX and more.</description>
      <image>http://i160.photobucket.com/albums/t167/yehyah143/lightning-2.jpg</image>
   </book>
   <book id="bk112">
      <author>Galos, Mike</author>
      <title>Visual Studio 7: A Comprehensive Guide</title>
      <genre>Computer</genre>
      <price>49.95</price>
      <publish_date>2001-04-16</publish_date>
      <description>Microsoft Visual Studio 7 is explored in depth,
      looking at how Visual Basic, Visual C++, C#, and ASP+ are 
      integrated into a comprehensive development 
      environment.</description>
      <image>http://i678.photobucket.com/albums/vv143/heatjo/Lightning-Striking-Tree-Poster-C102.jpg</image>
   </book>
</catalog>
