{
	"artist1":{
	"id":"metheny",
	"first_name":"Pat",
	"last_name":"Metheny",
	"image":"pics/pat_metheny.jpg",
	"music":[
				{
			"number":1,
			"track":"Are You Going with Me",
			"album":"Offramp",
			"time":"8:52",
			"picture":"pics/offramp.jpg",
			"url":"jmAgBETrIPg",
			"date":1999
		},
		{
			"number":2,
			"track":"Bright Size Life",
			"album":"Bright Size Life",
			"time":"4:54",
			"picture":"pics/bright_size_life.jpg",
			"url":"oV52_eoJCjo",
			"date":2000		
		},

		{
			"number":3,
			"track":"Have You Heard",
			"album":"Letter From Home",
			"time":"6:26",
			"picture":"pics/letter_from_home.jpg",
			"url":"LEGCzNFWsNM",
			"date":1989
		},
		{
			"number":4,
			"track":"The First Circle",
			"album":"First Circle",
			"time":"9:17",
			"picture":"pics/first_circle.jpg",
			"url":"LrHxOqMrt6M",
			"date":1984
		},
		{
			"number":5,
			"track":"Sign Of The Season",
			"album":"Kin",
			"time":"10:10",
			"picture":"pics/kin.jpg",
			"url":"xH-HQJwo0o4",
			"date":2014
		}

				]
	},
	
"aritst2":{
	"id":"stern",
	"first_name":"Mike",
	"last_name":"Stern",
	"image":"pics/mike.jpg",
	"music":[
		{
			"number":1,
			"track":"You Never Told Me",
			"album":"All Over the Place",
			"time":"6:18",
			"picture":"pics/all_over_the_place.jpg",
			"url":"5JMevM2rjsI",
			"date":2012
		},
		{
			"number":2,
			"track":"KT",
			"album":"Who Let the Cats Out",
			"time":"7:57",
			"picture":"pics/who_let_the_cats_out.jpg",
			"url":"IqpSvK1Vers",
			"date":2006		
		},

		{
			"number":3,
			"track":"Chromazone",
			"album":"Time In Place",
			"time":"6:04",
			"picture":"pics/time_in_place.jpg",
			"url":"qGkA3doBMZM",
			"date":2005
		},
		{
			"number":4,
			"track":"Big Neighborhood",
			"album":"Big Neighborhood",
			"time":"7:35",
			"picture":"pics/big_neighborhood.jpg",
			"url":"danAY7zuZBU",
			"date":2009
		},
		{
			"number":5,
			"track":"Paris Concert",
			"album":"Paris Concert",
			"time":"1:20:19",
			"picture":"pics/paris_concert.jpg",
			"url":"pKumdjSkaec",
			"date":2011
		}
				]
	},
"artist3":{
	"id":"montgomery",
	"first_name":"Wes",
	"last_name":"Montgomery",
	"image":"pics/wes_montgomery.jpg",
	"music":[
		{
			"number":1,
			"track":"Sign Of The Season",
			"album":"Kin",
			"time":"10:10",
			"picture":"pics/kin.jpg",
			"url":"xH-HQJwo0o4",
			"date":2014
		},
		{
			"number":2,
			"track":"Bright Size Life",
			"album":"Bright Size Life",
			"time":"4:54",
			"picture":"pics/bright_size_life.jpg",
			"url":"oV52_eoJCjo",
			"date":2000		
		},

		{
			"number":3,
			"track":"Have You Heard",
			"album":"Letter From Home",
			"time":"6:26",
			"picture":"pics/letter_from_home.jpg",
			"url":"LEGCzNFWsNM",
			"date":1989
		},
		{
			"number":4,
			"track":"The First Circle",
			"album":"First Circle",
			"time":"9:17",
			"picture":"pics/first_circle.jpg",
			"url":"LrHxOqMrt6M",
			"date":1984
		},
		{
			"number":5,
			"track":"Are You Going with Me",
			"album":"Offramp",
			"time":"8:52",
			"picture":"pics/offramp.jpg",
			"url":"jmAgBETrIPg",
			"date":1999
		}
				]
	},

	"artist4":{
	"id":"martino",
    "first_name":"Pat",
    "last_name":"Martino",
    "image":"pics/pat_martino.png","music":[
		{
			"number":1,
			"track":"You Never Told Me",
			"album":"All Over the Place",
			"time":"6:18",
			"picture":"pics/all_over_the_place.jpg",
			"url":"5JMevM2rjsI",
			"date":2012
		},
		{
			"number":2,
			"track":"KT",
			"album":"Who Let the Cats Out",
			"time":"7:57",
			"picture":"pics/who_let_the_cats_out.jpg",
			"url":"IqpSvK1Vers",
			"date":2006		
		},

		{
			"number":3,
			"track":"Chromazone",
			"album":"Time In Place",
			"time":"6:04",
			"picture":"pics/time_in_place.jpg",
			"url":"qGkA3doBMZM",
			"date":2005
		},
		{
			"number":4,
			"track":"Big Neighborhood",
			"album":"Big Neighborhood",
			"time":"7:35",
			"picture":"pics/big_neighborhood.jpg",
			"url":"danAY7zuZBU",
			"date":2009
		},
		{
			"number":5,
			"track":"Paris Concert",
			"album":"Paris Concert",
			"time":"1:20:19",
			"picture":"pics/paris_concert.jpg",
			"url":"pKumdjSkaec",
			"date":2011
		}
				]
	},
	
	"artist5":{
	 "id":"burrell",
    "first_name":"Kenny",
    "last_name":"Burrell",
    "image":"pics/kenny_burrell.jpg",
    "music":[
		{
			"number":1,
			"track":"Sign Of The Season",
			"album":"Kin",
			"time":"10:10",
			"picture":"pics/kin.jpg",
			"url":"xH-HQJwo0o4",
			"date":2014
		},
		{
			"number":2,
			"track":"Bright Size Life",
			"album":"Bright Size Life",
			"time":"4:54",
			"picture":"pics/bright_size_life.jpg",
			"url":"oV52_eoJCjo",
			"date":2000		
		},

		{
			"number":3,
			"track":"Have You Heard",
			"album":"Letter From Home",
			"time":"6:26",
			"picture":"pics/letter_from_home.jpg",
			"url":"LEGCzNFWsNM",
			"date":1989
		},
		{
			"number":4,
			"track":"The First Circle",
			"album":"First Circle",
			"time":"9:17",
			"picture":"pics/first_circle.jpg",
			"url":"LrHxOqMrt6M",
			"date":1984
		},
		{
			"number":5,
			"track":"Are You Going with Me",
			"album":"Offramp",
			"time":"8:52",
			"picture":"pics/offramp.jpg",
			"url":"jmAgBETrIPg",
			"date":1999
		}
				]
	},
	"artist6":{
	"id":"holdsworth",
	"first_name":"Allan",
	"last_name":"Holdsworth",
	"image":"pics/allan_holdsworth.jpg",
	"music":[
		{
			"number":1,
			"track":"You Never Told Me",
			"album":"All Over the Place",
			"time":"6:18",
			"picture":"pics/all_over_the_place.jpg",
			"url":"5JMevM2rjsI",
			"date":2012
		},
		{
			"number":2,
			"track":"KT",
			"album":"Who Let the Cats Out",
			"time":"7:57",
			"picture":"pics/who_let_the_cats_out.jpg",
			"url":"IqpSvK1Vers",
			"date":2006		
		},

		{
			"number":3,
			"track":"Chromazone",
			"album":"Time In Place",
			"time":"6:04",
			"picture":"pics/time_in_place.jpg",
			"url":"qGkA3doBMZM",
			"date":2005
		},
		{
			"number":4,
			"track":"Big Neighborhood",
			"album":"Big Neighborhood",
			"time":"7:35",
			"picture":"pics/big_neighborhood.jpg",
			"url":"danAY7zuZBU",
			"date":2009
		},
		{
			"number":5,
			"track":"Paris Concert",
			"album":"Paris Concert",
			"time":"1:20:19",
			"picture":"pics/paris_concert.jpg",
			"url":"pKumdjSkaec",
			"date":2011
		}
				]
	}
}